C:\Users\user\Desktop\simulator-windows-64\sample1\IMG\center_2020_10_30_18_42_37_717.jpg, C:\Users\user\Desktop\simulator-windows-64\sample1\IMG\left_2020_10_30_18_42_37_717.jpg, C:\Users\user\Desktop\simulator-windows-64\sample1\IMG\right_2020_10_30_18_42_37_717.jpg, 0, 0, 0, 7.971406E-05
C:\Users\user\Desktop\simulator-windows-64\sample1\IMG\center_2020_10_30_18_42_37_856.jpg, C:\Users\user\Desktop\simulator-windows-64\sample1\IMG\left_2020_10_30_18_42_37_856.jpg, C:\Users\user\Desktop\simulator-windows-64\sample1\IMG\right_2020_10_30_18_42_37_856.jpg, 0, 0, 0, 7.803534E-05
C:\Users\user\Desktop\simulator-windows-64\sample1\IMG\center_2020_10_30_18_42_37_976.jpg, C:\Users\user\Desktop\simulator-windows-64\sample1\IMG\left_2020_10_30_18_42_37_976.jpg, C:\Users\user\Desktop\simulator-windows-64\sample1\IMG\right_2020_10_30_18_42_37_976.jpg, 0, 0, 0, 8.19667E-05
C:\Users\user\Desktop\simulator-windows-64\sample1\IMG\center_2020_10_30_18_42_38_091.jpg, C:\Users\user\Desktop\simulator-windows-64\sample1\IMG\left_2020_10_30_18_42_38_091.jpg, C:\Users\user\Desktop\simulator-windows-64\sample1\IMG\right_2020_10_30_18_42_38_091.jpg, 0, 0, 0, 7.952057E-05
C:\Users\user\Desktop\simulator-windows-64\sample1\IMG\center_2020_10_30_18_42_38_229.jpg, C:\Users\user\Desktop\simulator-windows-64\sample1\IMG\left_2020_10_30_18_42_38_229.jpg, C:\Users\user\Desktop\simulator-windows-64\sample1\IMG\right_2020_10_30_18_42_38_229.jpg, 0, 0.3824421, 0, 0.4044321
C:\Users\user\Desktop\simulator-windows-64\sample1\IMG\center_2020_10_30_18_42_38_372.jpg, C:\Users\user\Desktop\simulator-windows-64\sample1\IMG\left_2020_10_30_18_42_38_372.jpg, C:\Users\user\Desktop\simulator-windows-64\sample1\IMG\right_2020_10_30_18_42_38_372.jpg, -0.1107093, 0.7903262, 0, 1.495558
C:\Users\user\Desktop\simulator-windows-64\sample1\IMG\center_2020_10_30_18_42_38_473.jpg, C:\Users\user\Desktop\simulator-windows-64\sample1\IMG\left_2020_10_30_18_42_38_473.jpg, C:\Users\user\Desktop\simulator-windows-64\sample1\IMG\right_2020_10_30_18_42_38_473.jpg, -0.4679973, 1, 0, 2.8974
C:\Users\user\Desktop\simulator-windows-64\sample1\IMG\center_2020_10_30_18_42_38_593.jpg, C:\Users\user\Desktop\simulator-windows-64\sample1\IMG\left_2020_10_30_18_42_38_593.jpg, C:\Users\user\Desktop\simulator-windows-64\sample1\IMG\right_2020_10_30_18_42_38_593.jpg, -0.8274692, 1, 0, 4.236009
C:\Users\user\Desktop\simulator-windows-64\sample1\IMG\center_2020_10_30_18_42_38_720.jpg, C:\Users\user\Desktop\simulator-windows-64\sample1\IMG\left_2020_10_30_18_42_38_720.jpg, C:\Users\user\Desktop\simulator-windows-64\sample1\IMG\right_2020_10_30_18_42_38_720.jpg, -1, 1, 0, 5.749682
C:\Users\user\Desktop\simulator-windows-64\sample1\IMG\center_2020_10_30_18_42_38_876.jpg, C:\Users\user\Desktop\simulator-windows-64\sample1\IMG\left_2020_10_30_18_42_38_876.jpg, C:\Users\user\Desktop\simulator-windows-64\sample1\IMG\right_2020_10_30_18_42_38_876.jpg, -0.7989385, 1, 0, 7.320402
C:\Users\user\Desktop\simulator-windows-64\sample1\IMG\center_2020_10_30_18_42_38_981.jpg, C:\Users\user\Desktop\simulator-windows-64\sample1\IMG\left_2020_10_30_18_42_38_981.jpg, C:\Users\user\Desktop\simulator-windows-64\sample1\IMG\right_2020_10_30_18_42_38_981.jpg, -0.4829569, 1, 0, 8.701412
C:\Users\user\Desktop\simulator-windows-64\sample1\IMG\center_2020_10_30_18_42_39_128.jpg, C:\Users\user\Desktop\simulator-windows-64\sample1\IMG\left_2020_10_30_18_42_39_128.jpg, C:\Users\user\Desktop\simulator-windows-64\sample1\IMG\right_2020_10_30_18_42_39_128.jpg, -0.041518, 1, 0, 10.24961
C:\Users\user\Desktop\simulator-windows-64\sample1\IMG\center_2020_10_30_18_42_39_244.jpg, C:\Users\user\Desktop\simulator-windows-64\sample1\IMG\left_2020_10_30_18_42_39_244.jpg, C:\Users\user\Desktop\simulator-windows-64\sample1\IMG\right_2020_10_30_18_42_39_244.jpg, 0, 1, 0, 11.6676
C:\Users\user\Desktop\simulator-windows-64\sample1\IMG\center_2020_10_30_18_42_39_389.jpg, C:\Users\user\Desktop\simulator-windows-64\sample1\IMG\left_2020_10_30_18_42_39_389.jpg, C:\Users\user\Desktop\simulator-windows-64\sample1\IMG\right_2020_10_30_18_42_39_389.jpg, 0, 1, 0, 12.84573
C:\Users\user\Desktop\simulator-windows-64\sample1\IMG\center_2020_10_30_18_42_39_513.jpg, C:\Users\user\Desktop\simulator-windows-64\sample1\IMG\left_2020_10_30_18_42_39_513.jpg, C:\Users\user\Desktop\simulator-windows-64\sample1\IMG\right_2020_10_30_18_42_39_513.jpg, 0, 1, 0, 14.3365
C:\Users\user\Desktop\simulator-windows-64\sample1\IMG\center_2020_10_30_18_42_39_646.jpg, C:\Users\user\Desktop\simulator-windows-64\sample1\IMG\left_2020_10_30_18_42_39_646.jpg, C:\Users\user\Desktop\simulator-windows-64\sample1\IMG\right_2020_10_30_18_42_39_646.jpg, 0, 1, 0, 15.88817
C:\Users\user\Desktop\simulator-windows-64\sample1\IMG\center_2020_10_30_18_42_39_768.jpg, C:\Users\user\Desktop\simulator-windows-64\sample1\IMG\left_2020_10_30_18_42_39_768.jpg, C:\Users\user\Desktop\simulator-windows-64\sample1\IMG\right_2020_10_30_18_42_39_768.jpg, 0, 1, 0, 17.14595
C:\Users\user\Desktop\simulator-windows-64\sample1\IMG\center_2020_10_30_18_42_39_876.jpg, C:\Users\user\Desktop\simulator-windows-64\sample1\IMG\left_2020_10_30_18_42_39_876.jpg, C:\Users\user\Desktop\simulator-windows-64\sample1\IMG\right_2020_10_30_18_42_39_876.jpg, 0, 1, 0, 18.16087
C:\Users\user\Desktop\simulator-windows-64\sample1\IMG\center_2020_10_30_18_42_40_002.jpg, C:\Users\user\Desktop\simulator-windows-64\sample1\IMG\left_2020_10_30_18_42_40_002.jpg, C:\Users\user\Desktop\simulator-windows-64\sample1\IMG\right_2020_10_30_18_42_40_002.jpg, 0, 1, 0, 19.60918
C:\Users\user\Desktop\simulator-windows-64\sample1\IMG\center_2020_10_30_18_42_40_108.jpg, C:\Users\user\Desktop\simulator-windows-64\sample1\IMG\left_2020_10_30_18_42_40_108.jpg, C:\Users\user\Desktop\simulator-windows-64\sample1\IMG\right_2020_10_30_18_42_40_108.jpg, -0.3207, 1, 0, 20.55559
C:\Users\user\Desktop\simulator-windows-64\sample1\IMG\center_2020_10_30_18_42_40_235.jpg, C:\Users\user\Desktop\simulator-windows-64\sample1\IMG\left_2020_10_30_18_42_40_235.jpg, C:\Users\user\Desktop\simulator-windows-64\sample1\IMG\right_2020_10_30_18_42_40_235.jpg, -0.5097714, 1, 0, 21.49861
C:\Users\user\Desktop\simulator-windows-64\sample1\IMG\center_2020_10_30_18_42_40_351.jpg, C:\Users\user\Desktop\simulator-windows-64\sample1\IMG\left_2020_10_30_18_42_40_351.jpg, C:\Users\user\Desktop\simulator-windows-64\sample1\IMG\right_2020_10_30_18_42_40_351.jpg, -0.1643139, 1, 0, 22.70779
C:\Users\user\Desktop\simulator-windows-64\sample1\IMG\center_2020_10_30_18_42_40_461.jpg, C:\Users\user\Desktop\simulator-windows-64\sample1\IMG\left_2020_10_30_18_42_40_461.jpg, C:\Users\user\Desktop\simulator-windows-64\sample1\IMG\right_2020_10_30_18_42_40_461.jpg, 0, 1, 0, 23.85118
C:\Users\user\Desktop\simulator-windows-64\sample1\IMG\center_2020_10_30_18_42_40_619.jpg, C:\Users\user\Desktop\simulator-windows-64\sample1\IMG\left_2020_10_30_18_42_40_619.jpg, C:\Users\user\Desktop\simulator-windows-64\sample1\IMG\right_2020_10_30_18_42_40_619.jpg, 0, 1, 0, 25.39252
C:\Users\user\Desktop\simulator-windows-64\sample1\IMG\center_2020_10_30_18_42_40_726.jpg, C:\Users\user\Desktop\simulator-windows-64\sample1\IMG\left_2020_10_30_18_42_40_726.jpg, C:\Users\user\Desktop\simulator-windows-64\sample1\IMG\right_2020_10_30_18_42_40_726.jpg, 0, 1, 0, 26.34516
C:\Users\user\Desktop\simulator-windows-64\sample1\IMG\center_2020_10_30_18_42_40_867.jpg, C:\Users\user\Desktop\simulator-windows-64\sample1\IMG\left_2020_10_30_18_42_40_867.jpg, C:\Users\user\Desktop\simulator-windows-64\sample1\IMG\right_2020_10_30_18_42_40_867.jpg, -0.2692812, 1, 0, 27.61583
C:\Users\user\Desktop\simulator-windows-64\sample1\IMG\center_2020_10_30_18_42_40_989.jpg, C:\Users\user\Desktop\simulator-windows-64\sample1\IMG\left_2020_10_30_18_42_40_989.jpg, C:\Users\user\Desktop\simulator-windows-64\sample1\IMG\right_2020_10_30_18_42_40_989.jpg, 0, 1, 0, 28.7277
C:\Users\user\Desktop\simulator-windows-64\sample1\IMG\center_2020_10_30_18_42_41_095.jpg, C:\Users\user\Desktop\simulator-windows-64\sample1\IMG\left_2020_10_30_18_42_41_095.jpg, C:\Users\user\Desktop\simulator-windows-64\sample1\IMG\right_2020_10_30_18_42_41_095.jpg, 0, 1, 0, 29.64655
C:\Users\user\Desktop\simulator-windows-64\sample1\IMG\center_2020_10_30_18_42_41_206.jpg, C:\Users\user\Desktop\simulator-windows-64\sample1\IMG\left_2020_10_30_18_42_41_206.jpg, C:\Users\user\Desktop\simulator-windows-64\sample1\IMG\right_2020_10_30_18_42_41_206.jpg, 0, 1, 0, 30.19056
C:\Users\user\Desktop\simulator-windows-64\sample1\IMG\center_2020_10_30_18_42_41_311.jpg, C:\Users\user\Desktop\simulator-windows-64\sample1\IMG\left_2020_10_30_18_42_41_311.jpg, C:\Users\user\Desktop\simulator-windows-64\sample1\IMG\right_2020_10_30_18_42_41_311.jpg, 0, 1, 0, 30.19029
C:\Users\user\Desktop\simulator-windows-64\sample1\IMG\center_2020_10_30_18_42_41_419.jpg, C:\Users\user\Desktop\simulator-windows-64\sample1\IMG\left_2020_10_30_18_42_41_419.jpg, C:\Users\user\Desktop\simulator-windows-64\sample1\IMG\right_2020_10_30_18_42_41_419.jpg, -0.08401739, 1, 0, 30.18806
C:\Users\user\Desktop\simulator-windows-64\sample1\IMG\center_2020_10_30_18_42_41_538.jpg, C:\Users\user\Desktop\simulator-windows-64\sample1\IMG\left_2020_10_30_18_42_41_538.jpg, C:\Users\user\Desktop\simulator-windows-64\sample1\IMG\right_2020_10_30_18_42_41_538.jpg, -0.4427073, 1, 0, 30.14672
C:\Users\user\Desktop\simulator-windows-64\sample1\IMG\center_2020_10_30_18_42_41_656.jpg, C:\Users\user\Desktop\simulator-windows-64\sample1\IMG\left_2020_10_30_18_42_41_656.jpg, C:\Users\user\Desktop\simulator-windows-64\sample1\IMG\right_2020_10_30_18_42_41_656.jpg, -0.08757871, 1, 0, 30.19076
C:\Users\user\Desktop\simulator-windows-64\sample1\IMG\center_2020_10_30_18_42_41_795.jpg, C:\Users\user\Desktop\simulator-windows-64\sample1\IMG\left_2020_10_30_18_42_41_795.jpg, C:\Users\user\Desktop\simulator-windows-64\sample1\IMG\right_2020_10_30_18_42_41_795.jpg, 0, 1, 0, 30.19001
C:\Users\user\Desktop\simulator-windows-64\sample1\IMG\center_2020_10_30_18_42_41_950.jpg, C:\Users\user\Desktop\simulator-windows-64\sample1\IMG\left_2020_10_30_18_42_41_950.jpg, C:\Users\user\Desktop\simulator-windows-64\sample1\IMG\right_2020_10_30_18_42_41_950.jpg, -0.208311, 1, 0, 30.18117
C:\Users\user\Desktop\simulator-windows-64\sample1\IMG\center_2020_10_30_18_42_42_108.jpg, C:\Users\user\Desktop\simulator-windows-64\sample1\IMG\left_2020_10_30_18_42_42_108.jpg, C:\Users\user\Desktop\simulator-windows-64\sample1\IMG\right_2020_10_30_18_42_42_108.jpg, -0.6838221, 1, 0, 30.12274
C:\Users\user\Desktop\simulator-windows-64\sample1\IMG\center_2020_10_30_18_42_42_215.jpg, C:\Users\user\Desktop\simulator-windows-64\sample1\IMG\left_2020_10_30_18_42_42_215.jpg, C:\Users\user\Desktop\simulator-windows-64\sample1\IMG\right_2020_10_30_18_42_42_215.jpg, -0.3655356, 1, 0, 30.19066
C:\Users\user\Desktop\simulator-windows-64\sample1\IMG\center_2020_10_30_18_42_42_366.jpg, C:\Users\user\Desktop\simulator-windows-64\sample1\IMG\left_2020_10_30_18_42_42_366.jpg, C:\Users\user\Desktop\simulator-windows-64\sample1\IMG\right_2020_10_30_18_42_42_366.jpg, 0, 1, 0, 30.18876
C:\Users\user\Desktop\simulator-windows-64\sample1\IMG\center_2020_10_30_18_42_42_503.jpg, C:\Users\user\Desktop\simulator-windows-64\sample1\IMG\left_2020_10_30_18_42_42_503.jpg, C:\Users\user\Desktop\simulator-windows-64\sample1\IMG\right_2020_10_30_18_42_42_503.jpg, 0, 1, 0, 30.19025
C:\Users\user\Desktop\simulator-windows-64\sample1\IMG\center_2020_10_30_18_42_42_648.jpg, C:\Users\user\Desktop\simulator-windows-64\sample1\IMG\left_2020_10_30_18_42_42_648.jpg, C:\Users\user\Desktop\simulator-windows-64\sample1\IMG\right_2020_10_30_18_42_42_648.jpg, -0.4364928, 1, 0, 30.16029
C:\Users\user\Desktop\simulator-windows-64\sample1\IMG\center_2020_10_30_18_42_42_759.jpg, C:\Users\user\Desktop\simulator-windows-64\sample1\IMG\left_2020_10_30_18_42_42_759.jpg, C:\Users\user\Desktop\simulator-windows-64\sample1\IMG\right_2020_10_30_18_42_42_759.jpg, -0.1030089, 1, 0, 30.19162
C:\Users\user\Desktop\simulator-windows-64\sample1\IMG\center_2020_10_30_18_42_42_914.jpg, C:\Users\user\Desktop\simulator-windows-64\sample1\IMG\left_2020_10_30_18_42_42_914.jpg, C:\Users\user\Desktop\simulator-windows-64\sample1\IMG\right_2020_10_30_18_42_42_914.jpg, 0, 1, 0, 30.19019
C:\Users\user\Desktop\simulator-windows-64\sample1\IMG\center_2020_10_30_18_42_43_029.jpg, C:\Users\user\Desktop\simulator-windows-64\sample1\IMG\left_2020_10_30_18_42_43_029.jpg, C:\Users\user\Desktop\simulator-windows-64\sample1\IMG\right_2020_10_30_18_42_43_029.jpg, 0, 1, 0, 30.19029
C:\Users\user\Desktop\simulator-windows-64\sample1\IMG\center_2020_10_30_18_42_43_161.jpg, C:\Users\user\Desktop\simulator-windows-64\sample1\IMG\left_2020_10_30_18_42_43_161.jpg, C:\Users\user\Desktop\simulator-windows-64\sample1\IMG\right_2020_10_30_18_42_43_161.jpg, 0, 1, 0, 30.19033
C:\Users\user\Desktop\simulator-windows-64\sample1\IMG\center_2020_10_30_18_42_43_261.jpg, C:\Users\user\Desktop\simulator-windows-64\sample1\IMG\left_2020_10_30_18_42_43_261.jpg, C:\Users\user\Desktop\simulator-windows-64\sample1\IMG\right_2020_10_30_18_42_43_261.jpg, 0.3049974, 1, 0, 30.16759
C:\Users\user\Desktop\simulator-windows-64\sample1\IMG\center_2020_10_30_18_42_43_363.jpg, C:\Users\user\Desktop\simulator-windows-64\sample1\IMG\left_2020_10_30_18_42_43_363.jpg, C:\Users\user\Desktop\simulator-windows-64\sample1\IMG\right_2020_10_30_18_42_43_363.jpg, 0, 1, 0, 30.18838
C:\Users\user\Desktop\simulator-windows-64\sample1\IMG\center_2020_10_30_18_42_43_535.jpg, C:\Users\user\Desktop\simulator-windows-64\sample1\IMG\left_2020_10_30_18_42_43_535.jpg, C:\Users\user\Desktop\simulator-windows-64\sample1\IMG\right_2020_10_30_18_42_43_535.jpg, 0, 1, 0, 30.19022
C:\Users\user\Desktop\simulator-windows-64\sample1\IMG\center_2020_10_30_18_42_43_634.jpg, C:\Users\user\Desktop\simulator-windows-64\sample1\IMG\left_2020_10_30_18_42_43_634.jpg, C:\Users\user\Desktop\simulator-windows-64\sample1\IMG\right_2020_10_30_18_42_43_634.jpg, -0.3013599, 1, 0, 30.17056
C:\Users\user\Desktop\simulator-windows-64\sample1\IMG\center_2020_10_30_18_42_43_736.jpg, C:\Users\user\Desktop\simulator-windows-64\sample1\IMG\left_2020_10_30_18_42_43_736.jpg, C:\Users\user\Desktop\simulator-windows-64\sample1\IMG\right_2020_10_30_18_42_43_736.jpg, -0.6072006, 1, 0, 30.13236
C:\Users\user\Desktop\simulator-windows-64\sample1\IMG\center_2020_10_30_18_42_43_854.jpg, C:\Users\user\Desktop\simulator-windows-64\sample1\IMG\left_2020_10_30_18_42_43_854.jpg, C:\Users\user\Desktop\simulator-windows-64\sample1\IMG\right_2020_10_30_18_42_43_854.jpg, -0.2543457, 1, 0, 30.19199
C:\Users\user\Desktop\simulator-windows-64\sample1\IMG\center_2020_10_30_18_42_43_976.jpg, C:\Users\user\Desktop\simulator-windows-64\sample1\IMG\left_2020_10_30_18_42_43_976.jpg, C:\Users\user\Desktop\simulator-windows-64\sample1\IMG\right_2020_10_30_18_42_43_976.jpg, 0, 1, 0, 30.18829
C:\Users\user\Desktop\simulator-windows-64\sample1\IMG\center_2020_10_30_18_42_44_102.jpg, C:\Users\user\Desktop\simulator-windows-64\sample1\IMG\left_2020_10_30_18_42_44_102.jpg, C:\Users\user\Desktop\simulator-windows-64\sample1\IMG\right_2020_10_30_18_42_44_102.jpg, 0, 1, 0, 30.18952
C:\Users\user\Desktop\simulator-windows-64\sample1\IMG\center_2020_10_30_18_42_44_230.jpg, C:\Users\user\Desktop\simulator-windows-64\sample1\IMG\left_2020_10_30_18_42_44_230.jpg, C:\Users\user\Desktop\simulator-windows-64\sample1\IMG\right_2020_10_30_18_42_44_230.jpg, 0.1611051, 1, 0, 30.18274
C:\Users\user\Desktop\simulator-windows-64\sample1\IMG\center_2020_10_30_18_42_44_359.jpg, C:\Users\user\Desktop\simulator-windows-64\sample1\IMG\left_2020_10_30_18_42_44_359.jpg, C:\Users\user\Desktop\simulator-windows-64\sample1\IMG\right_2020_10_30_18_42_44_359.jpg, 0.3117753, 1, 0, 30.18556
C:\Users\user\Desktop\simulator-windows-64\sample1\IMG\center_2020_10_30_18_42_44_498.jpg, C:\Users\user\Desktop\simulator-windows-64\sample1\IMG\left_2020_10_30_18_42_44_498.jpg, C:\Users\user\Desktop\simulator-windows-64\sample1\IMG\right_2020_10_30_18_42_44_498.jpg, 0, 1, 0, 30.18795
C:\Users\user\Desktop\simulator-windows-64\sample1\IMG\center_2020_10_30_18_42_44_608.jpg, C:\Users\user\Desktop\simulator-windows-64\sample1\IMG\left_2020_10_30_18_42_44_608.jpg, C:\Users\user\Desktop\simulator-windows-64\sample1\IMG\right_2020_10_30_18_42_44_608.jpg, 0, 1, 0, 30.19069
C:\Users\user\Desktop\simulator-windows-64\sample1\IMG\center_2020_10_30_18_42_44_717.jpg, C:\Users\user\Desktop\simulator-windows-64\sample1\IMG\left_2020_10_30_18_42_44_717.jpg, C:\Users\user\Desktop\simulator-windows-64\sample1\IMG\right_2020_10_30_18_42_44_717.jpg, 0, 1, 0, 30.19056
C:\Users\user\Desktop\simulator-windows-64\sample1\IMG\center_2020_10_30_18_42_44_839.jpg, C:\Users\user\Desktop\simulator-windows-64\sample1\IMG\left_2020_10_30_18_42_44_839.jpg, C:\Users\user\Desktop\simulator-windows-64\sample1\IMG\right_2020_10_30_18_42_44_839.jpg, -0.1392837, 1, 0, 30.18297
C:\Users\user\Desktop\simulator-windows-64\sample1\IMG\center_2020_10_30_18_42_44_969.jpg, C:\Users\user\Desktop\simulator-windows-64\sample1\IMG\left_2020_10_30_18_42_44_969.jpg, C:\Users\user\Desktop\simulator-windows-64\sample1\IMG\right_2020_10_30_18_42_44_969.jpg, -0.227583, 1, 0, 30.19023
C:\Users\user\Desktop\simulator-windows-64\sample1\IMG\center_2020_10_30_18_42_45_111.jpg, C:\Users\user\Desktop\simulator-windows-64\sample1\IMG\left_2020_10_30_18_42_45_111.jpg, C:\Users\user\Desktop\simulator-windows-64\sample1\IMG\right_2020_10_30_18_42_45_111.jpg, 0, 1, 0, 30.1897
C:\Users\user\Desktop\simulator-windows-64\sample1\IMG\center_2020_10_30_18_42_45_240.jpg, C:\Users\user\Desktop\simulator-windows-64\sample1\IMG\left_2020_10_30_18_42_45_240.jpg, C:\Users\user\Desktop\simulator-windows-64\sample1\IMG\right_2020_10_30_18_42_45_240.jpg, 0, 1, 0, 30.1916
C:\Users\user\Desktop\simulator-windows-64\sample1\IMG\center_2020_10_30_18_42_45_409.jpg, C:\Users\user\Desktop\simulator-windows-64\sample1\IMG\left_2020_10_30_18_42_45_409.jpg, C:\Users\user\Desktop\simulator-windows-64\sample1\IMG\right_2020_10_30_18_42_45_409.jpg, 0, 1, 0, 30.19049
C:\Users\user\Desktop\simulator-windows-64\sample1\IMG\center_2020_10_30_18_42_45_512.jpg, C:\Users\user\Desktop\simulator-windows-64\sample1\IMG\left_2020_10_30_18_42_45_512.jpg, C:\Users\user\Desktop\simulator-windows-64\sample1\IMG\right_2020_10_30_18_42_45_512.jpg, 0, 1, 0, 30.19098
C:\Users\user\Desktop\simulator-windows-64\sample1\IMG\center_2020_10_30_18_42_45_620.jpg, C:\Users\user\Desktop\simulator-windows-64\sample1\IMG\left_2020_10_30_18_42_45_620.jpg, C:\Users\user\Desktop\simulator-windows-64\sample1\IMG\right_2020_10_30_18_42_45_620.jpg, 0, 1, 0, 30.19086
C:\Users\user\Desktop\simulator-windows-64\sample1\IMG\center_2020_10_30_18_42_45_729.jpg, C:\Users\user\Desktop\simulator-windows-64\sample1\IMG\left_2020_10_30_18_42_45_729.jpg, C:\Users\user\Desktop\simulator-windows-64\sample1\IMG\right_2020_10_30_18_42_45_729.jpg, 0, 1, 0, 30.19031
C:\Users\user\Desktop\simulator-windows-64\sample1\IMG\center_2020_10_30_18_42_45_894.jpg, C:\Users\user\Desktop\simulator-windows-64\sample1\IMG\left_2020_10_30_18_42_45_894.jpg, C:\Users\user\Desktop\simulator-windows-64\sample1\IMG\right_2020_10_30_18_42_45_894.jpg, 0, 1, 0, 30.18965
C:\Users\user\Desktop\simulator-windows-64\sample1\IMG\center_2020_10_30_18_42_46_054.jpg, C:\Users\user\Desktop\simulator-windows-64\sample1\IMG\left_2020_10_30_18_42_46_054.jpg, C:\Users\user\Desktop\simulator-windows-64\sample1\IMG\right_2020_10_30_18_42_46_054.jpg, -0.4792029, 1, 0, 30.15178
C:\Users\user\Desktop\simulator-windows-64\sample1\IMG\center_2020_10_30_18_42_46_229.jpg, C:\Users\user\Desktop\simulator-windows-64\sample1\IMG\left_2020_10_30_18_42_46_229.jpg, C:\Users\user\Desktop\simulator-windows-64\sample1\IMG\right_2020_10_30_18_42_46_229.jpg, 0, 1, 0, 30.18829
C:\Users\user\Desktop\simulator-windows-64\sample1\IMG\center_2020_10_30_18_42_46_344.jpg, C:\Users\user\Desktop\simulator-windows-64\sample1\IMG\left_2020_10_30_18_42_46_344.jpg, C:\Users\user\Desktop\simulator-windows-64\sample1\IMG\right_2020_10_30_18_42_46_344.jpg, 0, 1, 0, 30.19016
C:\Users\user\Desktop\simulator-windows-64\sample1\IMG\center_2020_10_30_18_42_46_524.jpg, C:\Users\user\Desktop\simulator-windows-64\sample1\IMG\left_2020_10_30_18_42_46_524.jpg, C:\Users\user\Desktop\simulator-windows-64\sample1\IMG\right_2020_10_30_18_42_46_524.jpg, -0.2434002, 1, 0, 30.17833
C:\Users\user\Desktop\simulator-windows-64\sample1\IMG\center_2020_10_30_18_42_46_629.jpg, C:\Users\user\Desktop\simulator-windows-64\sample1\IMG\left_2020_10_30_18_42_46_629.jpg, C:\Users\user\Desktop\simulator-windows-64\sample1\IMG\right_2020_10_30_18_42_46_629.jpg, -0.5576181, 1, 0, 30.14269
C:\Users\user\Desktop\simulator-windows-64\sample1\IMG\center_2020_10_30_18_42_46_770.jpg, C:\Users\user\Desktop\simulator-windows-64\sample1\IMG\left_2020_10_30_18_42_46_770.jpg, C:\Users\user\Desktop\simulator-windows-64\sample1\IMG\right_2020_10_30_18_42_46_770.jpg, -0.1321587, 1, 0, 30.19302
C:\Users\user\Desktop\simulator-windows-64\sample1\IMG\center_2020_10_30_18_42_46_905.jpg, C:\Users\user\Desktop\simulator-windows-64\sample1\IMG\left_2020_10_30_18_42_46_905.jpg, C:\Users\user\Desktop\simulator-windows-64\sample1\IMG\right_2020_10_30_18_42_46_905.jpg, 0, 1, 0, 30.1899
C:\Users\user\Desktop\simulator-windows-64\sample1\IMG\center_2020_10_30_18_42_47_051.jpg, C:\Users\user\Desktop\simulator-windows-64\sample1\IMG\left_2020_10_30_18_42_47_051.jpg, C:\Users\user\Desktop\simulator-windows-64\sample1\IMG\right_2020_10_30_18_42_47_051.jpg, 0, 1, 0, 30.18954
C:\Users\user\Desktop\simulator-windows-64\sample1\IMG\center_2020_10_30_18_42_47_184.jpg, C:\Users\user\Desktop\simulator-windows-64\sample1\IMG\left_2020_10_30_18_42_47_184.jpg, C:\Users\user\Desktop\simulator-windows-64\sample1\IMG\right_2020_10_30_18_42_47_184.jpg, 0, 1, 0, 30.19263
C:\Users\user\Desktop\simulator-windows-64\sample1\IMG\center_2020_10_30_18_42_47_305.jpg, C:\Users\user\Desktop\simulator-windows-64\sample1\IMG\left_2020_10_30_18_42_47_305.jpg, C:\Users\user\Desktop\simulator-windows-64\sample1\IMG\right_2020_10_30_18_42_47_305.jpg, 0, 1, 0, 30.18995
C:\Users\user\Desktop\simulator-windows-64\sample1\IMG\center_2020_10_30_18_42_47_420.jpg, C:\Users\user\Desktop\simulator-windows-64\sample1\IMG\left_2020_10_30_18_42_47_420.jpg, C:\Users\user\Desktop\simulator-windows-64\sample1\IMG\right_2020_10_30_18_42_47_420.jpg, 0, 1, 0, 30.19087
C:\Users\user\Desktop\simulator-windows-64\sample1\IMG\center_2020_10_30_18_42_47_542.jpg, C:\Users\user\Desktop\simulator-windows-64\sample1\IMG\left_2020_10_30_18_42_47_542.jpg, C:\Users\user\Desktop\simulator-windows-64\sample1\IMG\right_2020_10_30_18_42_47_542.jpg, -0.3659925, 1, 0, 30.16046
C:\Users\user\Desktop\simulator-windows-64\sample1\IMG\center_2020_10_30_18_42_47_659.jpg, C:\Users\user\Desktop\simulator-windows-64\sample1\IMG\left_2020_10_30_18_42_47_659.jpg, C:\Users\user\Desktop\simulator-windows-64\sample1\IMG\right_2020_10_30_18_42_47_659.jpg, -0.7185201, 0.6474724, 0, 30.01396
C:\Users\user\Desktop\simulator-windows-64\sample1\IMG\center_2020_10_30_18_42_47_785.jpg, C:\Users\user\Desktop\simulator-windows-64\sample1\IMG\left_2020_10_30_18_42_47_785.jpg, C:\Users\user\Desktop\simulator-windows-64\sample1\IMG\right_2020_10_30_18_42_47_785.jpg, -1, 0, 0.1264782, 28.89138
C:\Users\user\Desktop\simulator-windows-64\sample1\IMG\center_2020_10_30_18_42_47_959.jpg, C:\Users\user\Desktop\simulator-windows-64\sample1\IMG\left_2020_10_30_18_42_47_959.jpg, C:\Users\user\Desktop\simulator-windows-64\sample1\IMG\right_2020_10_30_18_42_47_959.jpg, -1, 0, 0.5326065, 25.90081
C:\Users\user\Desktop\simulator-windows-64\sample1\IMG\center_2020_10_30_18_42_48_102.jpg, C:\Users\user\Desktop\simulator-windows-64\sample1\IMG\left_2020_10_30_18_42_48_102.jpg, C:\Users\user\Desktop\simulator-windows-64\sample1\IMG\right_2020_10_30_18_42_48_102.jpg, -1, 0, 0.984474, 22.18559
C:\Users\user\Desktop\simulator-windows-64\sample1\IMG\center_2020_10_30_18_42_48_208.jpg, C:\Users\user\Desktop\simulator-windows-64\sample1\IMG\left_2020_10_30_18_42_48_208.jpg, C:\Users\user\Desktop\simulator-windows-64\sample1\IMG\right_2020_10_30_18_42_48_208.jpg, -1, 0, 1, 20.74936
C:\Users\user\Desktop\simulator-windows-64\sample1\IMG\center_2020_10_30_18_42_48_516.jpg, C:\Users\user\Desktop\simulator-windows-64\sample1\IMG\left_2020_10_30_18_42_48_516.jpg, C:\Users\user\Desktop\simulator-windows-64\sample1\IMG\right_2020_10_30_18_42_48_516.jpg, -0.4021066, 0, 0, 15.41889
C:\Users\user\Desktop\simulator-windows-64\sample1\IMG\center_2020_10_30_18_42_48_618.jpg, C:\Users\user\Desktop\simulator-windows-64\sample1\IMG\left_2020_10_30_18_42_48_618.jpg, C:\Users\user\Desktop\simulator-windows-64\sample1\IMG\right_2020_10_30_18_42_48_618.jpg, -0.05712457, 0.344982, 0, 14.56628
C:\Users\user\Desktop\simulator-windows-64\sample1\IMG\center_2020_10_30_18_42_48_736.jpg, C:\Users\user\Desktop\simulator-windows-64\sample1\IMG\left_2020_10_30_18_42_48_736.jpg, C:\Users\user\Desktop\simulator-windows-64\sample1\IMG\right_2020_10_30_18_42_48_736.jpg, 0, 0.6908721, 0, 13.58534
C:\Users\user\Desktop\simulator-windows-64\sample1\IMG\center_2020_10_30_18_42_48_842.jpg, C:\Users\user\Desktop\simulator-windows-64\sample1\IMG\left_2020_10_30_18_42_48_842.jpg, C:\Users\user\Desktop\simulator-windows-64\sample1\IMG\right_2020_10_30_18_42_48_842.jpg, 0, 1, 0, 14.04716
C:\Users\user\Desktop\simulator-windows-64\sample1\IMG\center_2020_10_30_18_42_49_026.jpg, C:\Users\user\Desktop\simulator-windows-64\sample1\IMG\left_2020_10_30_18_42_49_026.jpg, C:\Users\user\Desktop\simulator-windows-64\sample1\IMG\right_2020_10_30_18_42_49_026.jpg, -0.4153296, 1, 0, 14.14357
C:\Users\user\Desktop\simulator-windows-64\sample1\IMG\center_2020_10_30_18_42_49_183.jpg, C:\Users\user\Desktop\simulator-windows-64\sample1\IMG\left_2020_10_30_18_42_49_183.jpg, C:\Users\user\Desktop\simulator-windows-64\sample1\IMG\right_2020_10_30_18_42_49_183.jpg, -0.9347619, 1, 0, 13.47134
C:\Users\user\Desktop\simulator-windows-64\sample1\IMG\center_2020_10_30_18_42_49_343.jpg, C:\Users\user\Desktop\simulator-windows-64\sample1\IMG\left_2020_10_30_18_42_49_343.jpg, C:\Users\user\Desktop\simulator-windows-64\sample1\IMG\right_2020_10_30_18_42_49_343.jpg, -0.4738245, 1, 0, 14.20759
C:\Users\user\Desktop\simulator-windows-64\sample1\IMG\center_2020_10_30_18_42_49_494.jpg, C:\Users\user\Desktop\simulator-windows-64\sample1\IMG\left_2020_10_30_18_42_49_494.jpg, C:\Users\user\Desktop\simulator-windows-64\sample1\IMG\right_2020_10_30_18_42_49_494.jpg, -0.02656798, 1, 0, 14.94517
C:\Users\user\Desktop\simulator-windows-64\sample1\IMG\center_2020_10_30_18_42_49_629.jpg, C:\Users\user\Desktop\simulator-windows-64\sample1\IMG\left_2020_10_30_18_42_49_629.jpg, C:\Users\user\Desktop\simulator-windows-64\sample1\IMG\right_2020_10_30_18_42_49_629.jpg, 0, 1, 0, 15.79468
C:\Users\user\Desktop\simulator-windows-64\sample1\IMG\center_2020_10_30_18_42_49_794.jpg, C:\Users\user\Desktop\simulator-windows-64\sample1\IMG\left_2020_10_30_18_42_49_794.jpg, C:\Users\user\Desktop\simulator-windows-64\sample1\IMG\right_2020_10_30_18_42_49_794.jpg, 0, 1, 0, 17.62737
C:\Users\user\Desktop\simulator-windows-64\sample1\IMG\center_2020_10_30_18_42_49_905.jpg, C:\Users\user\Desktop\simulator-windows-64\sample1\IMG\left_2020_10_30_18_42_49_905.jpg, C:\Users\user\Desktop\simulator-windows-64\sample1\IMG\right_2020_10_30_18_42_49_905.jpg, -0.3460626, 1, 0, 18.896
C:\Users\user\Desktop\simulator-windows-64\sample1\IMG\center_2020_10_30_18_42_50_066.jpg, C:\Users\user\Desktop\simulator-windows-64\sample1\IMG\left_2020_10_30_18_42_50_066.jpg, C:\Users\user\Desktop\simulator-windows-64\sample1\IMG\right_2020_10_30_18_42_50_066.jpg, -0.8087145, 0.5373481, 0, 20.48584
C:\Users\user\Desktop\simulator-windows-64\sample1\IMG\center_2020_10_30_18_42_50_223.jpg, C:\Users\user\Desktop\simulator-windows-64\sample1\IMG\left_2020_10_30_18_42_50_223.jpg, C:\Users\user\Desktop\simulator-windows-64\sample1\IMG\right_2020_10_30_18_42_50_223.jpg, -1, 0.09443051, 0, 21.1367
C:\Users\user\Desktop\simulator-windows-64\sample1\IMG\center_2020_10_30_18_42_50_336.jpg, C:\Users\user\Desktop\simulator-windows-64\sample1\IMG\left_2020_10_30_18_42_50_336.jpg, C:\Users\user\Desktop\simulator-windows-64\sample1\IMG\right_2020_10_30_18_42_50_336.jpg, -1, 0, 0, 21.00375
C:\Users\user\Desktop\simulator-windows-64\sample1\IMG\center_2020_10_30_18_42_50_449.jpg, C:\Users\user\Desktop\simulator-windows-64\sample1\IMG\left_2020_10_30_18_42_50_449.jpg, C:\Users\user\Desktop\simulator-windows-64\sample1\IMG\right_2020_10_30_18_42_50_449.jpg, -1, 0, 0, 21.29613
C:\Users\user\Desktop\simulator-windows-64\sample1\IMG\center_2020_10_30_18_42_50_599.jpg, C:\Users\user\Desktop\simulator-windows-64\sample1\IMG\left_2020_10_30_18_42_50_599.jpg, C:\Users\user\Desktop\simulator-windows-64\sample1\IMG\right_2020_10_30_18_42_50_599.jpg, -1, 0, 0, 20.90213
C:\Users\user\Desktop\simulator-windows-64\sample1\IMG\center_2020_10_30_18_42_50_694.jpg, C:\Users\user\Desktop\simulator-windows-64\sample1\IMG\left_2020_10_30_18_42_50_694.jpg, C:\Users\user\Desktop\simulator-windows-64\sample1\IMG\right_2020_10_30_18_42_50_694.jpg, -1, 0, 0, 20.59437
C:\Users\user\Desktop\simulator-windows-64\sample1\IMG\center_2020_10_30_18_42_50_832.jpg, C:\Users\user\Desktop\simulator-windows-64\sample1\IMG\left_2020_10_30_18_42_50_832.jpg, C:\Users\user\Desktop\simulator-windows-64\sample1\IMG\right_2020_10_30_18_42_50_832.jpg, -1, 0, 0, 19.97255
C:\Users\user\Desktop\simulator-windows-64\sample1\IMG\center_2020_10_30_18_42_50_967.jpg, C:\Users\user\Desktop\simulator-windows-64\sample1\IMG\left_2020_10_30_18_42_50_967.jpg, C:\Users\user\Desktop\simulator-windows-64\sample1\IMG\right_2020_10_30_18_42_50_967.jpg, -1, 0, 0, 19.89281
C:\Users\user\Desktop\simulator-windows-64\sample1\IMG\center_2020_10_30_18_42_51_151.jpg, C:\Users\user\Desktop\simulator-windows-64\sample1\IMG\left_2020_10_30_18_42_51_151.jpg, C:\Users\user\Desktop\simulator-windows-64\sample1\IMG\right_2020_10_30_18_42_51_151.jpg, -1, 0, 0, 19.15992
C:\Users\user\Desktop\simulator-windows-64\sample1\IMG\center_2020_10_30_18_42_51_257.jpg, C:\Users\user\Desktop\simulator-windows-64\sample1\IMG\left_2020_10_30_18_42_51_257.jpg, C:\Users\user\Desktop\simulator-windows-64\sample1\IMG\right_2020_10_30_18_42_51_257.jpg, -1, 0, 0, 19.2178
C:\Users\user\Desktop\simulator-windows-64\sample1\IMG\center_2020_10_30_18_42_51_368.jpg, C:\Users\user\Desktop\simulator-windows-64\sample1\IMG\left_2020_10_30_18_42_51_368.jpg, C:\Users\user\Desktop\simulator-windows-64\sample1\IMG\right_2020_10_30_18_42_51_368.jpg, -1, 0, 0, 18.94364
C:\Users\user\Desktop\simulator-windows-64\sample1\IMG\center_2020_10_30_18_42_51_476.jpg, C:\Users\user\Desktop\simulator-windows-64\sample1\IMG\left_2020_10_30_18_42_51_476.jpg, C:\Users\user\Desktop\simulator-windows-64\sample1\IMG\right_2020_10_30_18_42_51_476.jpg, -1, 0, 0, 18.3524
C:\Users\user\Desktop\simulator-windows-64\sample1\IMG\center_2020_10_30_18_42_51_591.jpg, C:\Users\user\Desktop\simulator-windows-64\sample1\IMG\left_2020_10_30_18_42_51_591.jpg, C:\Users\user\Desktop\simulator-windows-64\sample1\IMG\right_2020_10_30_18_42_51_591.jpg, -1, 0, 0, 18.04908
C:\Users\user\Desktop\simulator-windows-64\sample1\IMG\center_2020_10_30_18_42_51_727.jpg, C:\Users\user\Desktop\simulator-windows-64\sample1\IMG\left_2020_10_30_18_42_51_727.jpg, C:\Users\user\Desktop\simulator-windows-64\sample1\IMG\right_2020_10_30_18_42_51_727.jpg, -1, 0, 0, 18.16034
C:\Users\user\Desktop\simulator-windows-64\sample1\IMG\center_2020_10_30_18_42_51_853.jpg, C:\Users\user\Desktop\simulator-windows-64\sample1\IMG\left_2020_10_30_18_42_51_853.jpg, C:\Users\user\Desktop\simulator-windows-64\sample1\IMG\right_2020_10_30_18_42_51_853.jpg, -1, 0, 0, 17.49534
C:\Users\user\Desktop\simulator-windows-64\sample1\IMG\center_2020_10_30_18_42_51_943.jpg, C:\Users\user\Desktop\simulator-windows-64\sample1\IMG\left_2020_10_30_18_42_51_943.jpg, C:\Users\user\Desktop\simulator-windows-64\sample1\IMG\right_2020_10_30_18_42_51_943.jpg, -0.6778459, 0, 0, 17.3546
C:\Users\user\Desktop\simulator-windows-64\sample1\IMG\center_2020_10_30_18_42_52_064.jpg, C:\Users\user\Desktop\simulator-windows-64\sample1\IMG\left_2020_10_30_18_42_52_064.jpg, C:\Users\user\Desktop\simulator-windows-64\sample1\IMG\right_2020_10_30_18_42_52_064.jpg, -0.3105187, 0, 0, 17.21972
C:\Users\user\Desktop\simulator-windows-64\sample1\IMG\center_2020_10_30_18_42_52_185.jpg, C:\Users\user\Desktop\simulator-windows-64\sample1\IMG\left_2020_10_30_18_42_52_185.jpg, C:\Users\user\Desktop\simulator-windows-64\sample1\IMG\right_2020_10_30_18_42_52_185.jpg, 0, 0, 0, 16.90991
C:\Users\user\Desktop\simulator-windows-64\sample1\IMG\center_2020_10_30_18_42_52_311.jpg, C:\Users\user\Desktop\simulator-windows-64\sample1\IMG\left_2020_10_30_18_42_52_311.jpg, C:\Users\user\Desktop\simulator-windows-64\sample1\IMG\right_2020_10_30_18_42_52_311.jpg, 0, 0, 0, 17.24388
C:\Users\user\Desktop\simulator-windows-64\sample1\IMG\center_2020_10_30_18_42_52_443.jpg, C:\Users\user\Desktop\simulator-windows-64\sample1\IMG\left_2020_10_30_18_42_52_443.jpg, C:\Users\user\Desktop\simulator-windows-64\sample1\IMG\right_2020_10_30_18_42_52_443.jpg, 0, 0, 0, 16.46116
C:\Users\user\Desktop\simulator-windows-64\sample1\IMG\center_2020_10_30_18_42_52_598.jpg, C:\Users\user\Desktop\simulator-windows-64\sample1\IMG\left_2020_10_30_18_42_52_598.jpg, C:\Users\user\Desktop\simulator-windows-64\sample1\IMG\right_2020_10_30_18_42_52_598.jpg, 0, 0, 0, 16.76875
C:\Users\user\Desktop\simulator-windows-64\sample1\IMG\center_2020_10_30_18_42_52_695.jpg, C:\Users\user\Desktop\simulator-windows-64\sample1\IMG\left_2020_10_30_18_42_52_695.jpg, C:\Users\user\Desktop\simulator-windows-64\sample1\IMG\right_2020_10_30_18_42_52_695.jpg, 0, 0, 0, 16.05596
C:\Users\user\Desktop\simulator-windows-64\sample1\IMG\center_2020_10_30_18_42_52_825.jpg, C:\Users\user\Desktop\simulator-windows-64\sample1\IMG\left_2020_10_30_18_42_52_825.jpg, C:\Users\user\Desktop\simulator-windows-64\sample1\IMG\right_2020_10_30_18_42_52_825.jpg, 0, 0, 0, 15.86217
C:\Users\user\Desktop\simulator-windows-64\sample1\IMG\center_2020_10_30_18_42_52_963.jpg, C:\Users\user\Desktop\simulator-windows-64\sample1\IMG\left_2020_10_30_18_42_52_963.jpg, C:\Users\user\Desktop\simulator-windows-64\sample1\IMG\right_2020_10_30_18_42_52_963.jpg, 0, 0, 0, 16.1938
C:\Users\user\Desktop\simulator-windows-64\sample1\IMG\center_2020_10_30_18_42_53_098.jpg, C:\Users\user\Desktop\simulator-windows-64\sample1\IMG\left_2020_10_30_18_42_53_098.jpg, C:\Users\user\Desktop\simulator-windows-64\sample1\IMG\right_2020_10_30_18_42_53_098.jpg, 0, 0, 0, 15.44974
C:\Users\user\Desktop\simulator-windows-64\sample1\IMG\center_2020_10_30_18_42_53_229.jpg, C:\Users\user\Desktop\simulator-windows-64\sample1\IMG\left_2020_10_30_18_42_53_229.jpg, C:\Users\user\Desktop\simulator-windows-64\sample1\IMG\right_2020_10_30_18_42_53_229.jpg, 0, 0, 0.3887349, 14.04644
C:\Users\user\Desktop\simulator-windows-64\sample1\IMG\center_2020_10_30_18_42_53_343.jpg, C:\Users\user\Desktop\simulator-windows-64\sample1\IMG\left_2020_10_30_18_42_53_343.jpg, C:\Users\user\Desktop\simulator-windows-64\sample1\IMG\right_2020_10_30_18_42_53_343.jpg, 0, 0, 0.7421622, 12.17919
C:\Users\user\Desktop\simulator-windows-64\sample1\IMG\center_2020_10_30_18_42_53_491.jpg, C:\Users\user\Desktop\simulator-windows-64\sample1\IMG\left_2020_10_30_18_42_53_491.jpg, C:\Users\user\Desktop\simulator-windows-64\sample1\IMG\right_2020_10_30_18_42_53_491.jpg, 0, 0, 1, 10.36805
C:\Users\user\Desktop\simulator-windows-64\sample1\IMG\center_2020_10_30_18_42_53_610.jpg, C:\Users\user\Desktop\simulator-windows-64\sample1\IMG\left_2020_10_30_18_42_53_610.jpg, C:\Users\user\Desktop\simulator-windows-64\sample1\IMG\right_2020_10_30_18_42_53_610.jpg, 0, 0, 1, 8.243014
C:\Users\user\Desktop\simulator-windows-64\sample1\IMG\center_2020_10_30_18_42_53_740.jpg, C:\Users\user\Desktop\simulator-windows-64\sample1\IMG\left_2020_10_30_18_42_53_740.jpg, C:\Users\user\Desktop\simulator-windows-64\sample1\IMG\right_2020_10_30_18_42_53_740.jpg, 0, 0, 1, 6.476188
C:\Users\user\Desktop\simulator-windows-64\sample1\IMG\center_2020_10_30_18_42_53_870.jpg, C:\Users\user\Desktop\simulator-windows-64\sample1\IMG\left_2020_10_30_18_42_53_870.jpg, C:\Users\user\Desktop\simulator-windows-64\sample1\IMG\right_2020_10_30_18_42_53_870.jpg, 0, 0, 1, 4.742233
C:\Users\user\Desktop\simulator-windows-64\sample1\IMG\center_2020_10_30_18_42_53_966.jpg, C:\Users\user\Desktop\simulator-windows-64\sample1\IMG\left_2020_10_30_18_42_53_966.jpg, C:\Users\user\Desktop\simulator-windows-64\sample1\IMG\right_2020_10_30_18_42_53_966.jpg, 0, 0, 1, 2.935862
C:\Users\user\Desktop\simulator-windows-64\sample1\IMG\center_2020_10_30_18_42_54_101.jpg, C:\Users\user\Desktop\simulator-windows-64\sample1\IMG\left_2020_10_30_18_42_54_101.jpg, C:\Users\user\Desktop\simulator-windows-64\sample1\IMG\right_2020_10_30_18_42_54_101.jpg, 0, 0, 1, 1.773228
C:\Users\user\Desktop\simulator-windows-64\sample1\IMG\center_2020_10_30_18_42_54_206.jpg, C:\Users\user\Desktop\simulator-windows-64\sample1\IMG\left_2020_10_30_18_42_54_206.jpg, C:\Users\user\Desktop\simulator-windows-64\sample1\IMG\right_2020_10_30_18_42_54_206.jpg, 0, 0, 1, 0.6383932
C:\Users\user\Desktop\simulator-windows-64\sample1\IMG\center_2020_10_30_18_42_54_344.jpg, C:\Users\user\Desktop\simulator-windows-64\sample1\IMG\left_2020_10_30_18_42_54_344.jpg, C:\Users\user\Desktop\simulator-windows-64\sample1\IMG\right_2020_10_30_18_42_54_344.jpg, 0, 0, 0.6287122, 0.04850439
